timestamp,symbol,field,value,is_override,user_id
2025-05-11T18:43:15.674820,TYM5,bid_edge,-7.0,False,
2025-05-11T18:43:15.674820,TYM5,ask_edge,-7.0,False,
2025-05-11T18:43:15.674820,TYM5,bid_q,7,False,
2025-05-11T18:43:15.674820,TYM5,ask_q,6,False,
2025-05-11T18:43:15.674820,NQM5,bid_edge,-10.26,False,
2025-05-11T18:43:15.674820,NQM5,ask_edge,-8.29,False,
2025-05-11T18:43:15.674820,NQM5,bid_q,5,False,
2025-05-11T18:43:15.674820,NQM5,ask_q,8,False,
2025-05-11T18:43:15.674820,ESM5,bid_edge,-10.94,False,
2025-05-11T18:43:15.674820,ESM5,ask_edge,-8.12,False,
2025-05-11T18:43:15.674820,ESM5,bid_q,3,False,
2025-05-11T18:43:15.674820,ESM5,ask_q,6,False,
2025-05-11T18:43:15.674820,TUM5,bid_edge,-11.41,False,
2025-05-11T18:43:15.674820,TUM5,ask_edge,-11.22,False,
2025-05-11T18:43:15.674820,TUM5,bid_q,3,False,
2025-05-11T18:43:15.674820,TUM5,ask_q,2,False,
2025-05-11T18:43:16.682472,TYM5,bid_edge,-5.35,False,
2025-05-11T18:43:16.682472,TYM5,ask_edge,-5.21,False,
2025-05-11T18:43:16.682472,TYM5,bid_q,5,False,
2025-05-11T18:43:16.682472,TYM5,ask_q,3,False,
2025-05-11T18:43:16.682472,NQM5,bid_edge,-8.01,False,
2025-05-11T18:43:16.682472,NQM5,ask_edge,-8.87,False,
2025-05-11T18:43:16.682472,NQM5,bid_q,8,False,
2025-05-11T18:43:16.682472,NQM5,ask_q,4,False,
2025-05-11T18:43:16.682472,ESM5,bid_edge,-9.61,False,
2025-05-11T18:43:16.682472,ESM5,ask_edge,-8.53,False,
2025-05-11T18:43:16.682472,ESM5,bid_q,7,False,
2025-05-11T18:43:16.682472,ESM5,ask_q,6,False,
2025-05-11T18:43:16.682472,TUM5,bid_edge,-11.59,False,
2025-05-11T18:43:16.682472,TUM5,ask_edge,-10.28,False,
2025-05-11T18:43:16.682472,TUM5,bid_q,3,False,
2025-05-11T18:43:16.682472,TUM5,ask_q,8,False,
2025-05-11T18:43:17.694679,TYM5,bid_edge,-3.8,False,
2025-05-11T18:43:17.694679,TYM5,ask_edge,-4.48,False,
2025-05-11T18:43:17.694679,TYM5,bid_q,3,False,
2025-05-11T18:43:17.694679,TYM5,ask_q,7,False,
2025-05-11T18:43:17.694679,NQM5,bid_edge,-8.5,False,
2025-05-11T18:43:17.694679,NQM5,ask_edge,-10.41,False,
2025-05-11T18:43:17.694679,NQM5,bid_q,3,False,
2025-05-11T18:43:17.694679,NQM5,ask_q,3,False,
2025-05-11T18:43:17.694679,ESM5,bid_edge,-8.18,False,
2025-05-11T18:43:17.694679,ESM5,ask_edge,-9.3,False,
2025-05-11T18:43:17.694679,ESM5,bid_q,5,False,
2025-05-11T18:43:17.694679,ESM5,ask_q,2,False,
2025-05-11T18:43:17.694679,TUM5,bid_edge,-10.65,False,
2025-05-11T18:43:17.694679,TUM5,ask_edge,-8.27,False,
2025-05-11T18:43:17.694679,TUM5,bid_q,8,False,
2025-05-11T18:43:17.694679,TUM5,ask_q,5,False,
2025-05-11T18:43:18.701161,TYM5,bid_edge,-3.7,False,
2025-05-11T18:43:18.701161,TYM5,ask_edge,-4.66,False,
2025-05-11T18:43:18.701161,TYM5,bid_q,7,False,
2025-05-11T18:43:18.701161,TYM5,ask_q,7,False,
2025-05-11T18:43:18.701161,NQM5,bid_edge,-10.09,False,
2025-05-11T18:43:18.701161,NQM5,ask_edge,-11.57,False,
2025-05-11T18:43:18.701161,NQM5,bid_q,5,False,
2025-05-11T18:43:18.701161,NQM5,ask_q,8,False,
2025-05-11T18:43:18.701161,ESM5,bid_edge,-8.43,False,
2025-05-11T18:43:18.701161,ESM5,ask_edge,-11.48,False,
2025-05-11T18:43:18.701161,ESM5,bid_q,3,False,
2025-05-11T18:43:18.701161,ESM5,ask_q,6,False,
2025-05-11T18:43:18.701161,TUM5,bid_edge,-8.94,False,
2025-05-11T18:43:18.701161,TUM5,ask_edge,-7.69,False,
2025-05-11T18:43:18.701161,TUM5,bid_q,4,False,
2025-05-11T18:43:18.701161,TUM5,ask_q,3,False,
2025-05-11T18:43:19.720250,TYM5,bid_edge,-4.37,False,
2025-05-11T18:43:19.720250,TYM5,ask_edge,-4.67,False,
2025-05-11T18:43:19.720250,TYM5,bid_q,5,False,
2025-05-11T18:43:19.720250,TYM5,ask_q,3,False,
2025-05-11T18:43:19.720250,NQM5,bid_edge,-11.61,False,
2025-05-11T18:43:19.720250,NQM5,ask_edge,-10.78,False,
2025-05-11T18:43:19.720250,NQM5,bid_q,8,False,
2025-05-11T18:43:19.720250,NQM5,ask_q,4,False,
2025-05-11T18:43:19.720250,ESM5,bid_edge,-9.97,False,
2025-05-11T18:43:19.720250,ESM5,ask_edge,-11.84,False,
2025-05-11T18:43:19.720250,ESM5,bid_q,8,False,
2025-05-11T18:43:19.720250,ESM5,ask_q,6,False,
2025-05-11T18:43:19.720250,TUM5,bid_edge,-7.92,False,
2025-05-11T18:43:19.720250,TUM5,ask_edge,-9.83,False,
2025-05-11T18:43:19.720250,TUM5,bid_q,2,False,
2025-05-11T18:43:19.720250,TUM5,ask_q,7,False,
2025-05-11T18:43:20.744243,TYM5,bid_edge,-5.0,False,
2025-05-11T18:43:20.744243,TYM5,ask_edge,-4.17,False,
2025-05-11T18:43:20.744243,TYM5,bid_q,2,False,
2025-05-11T18:43:20.744243,TYM5,ask_q,6,False,
2025-05-11T18:43:20.744243,NQM5,bid_edge,-11.93,False,
2025-05-11T18:43:20.744243,NQM5,ask_edge,-9.29,False,
2025-05-11T18:43:20.744243,NQM5,bid_q,3,False,
2025-05-11T18:43:20.744243,NQM5,ask_q,4,False,
2025-05-11T18:43:20.744243,ESM5,bid_edge,-11.58,False,
2025-05-11T18:43:20.744243,ESM5,ask_edge,-11.21,False,
2025-05-11T18:43:20.744243,ESM5,bid_q,4,False,
2025-05-11T18:43:20.744243,ESM5,ask_q,1,False,
2025-05-11T18:43:20.744243,TUM5,bid_edge,-9.16,False,
2025-05-11T18:43:20.744243,TUM5,ask_edge,-11.52,False,
2025-05-11T18:43:20.744243,TUM5,bid_q,9,False,
2025-05-11T18:43:20.744243,TUM5,ask_q,7,False,
2025-05-11T18:43:21.760020,TYM5,bid_edge,-4.99,False,
2025-05-11T18:43:21.760020,TYM5,ask_edge,-3.37,False,
2025-05-11T18:43:21.760020,TYM5,bid_q,7,False,
2025-05-11T18:43:21.760020,TYM5,ask_q,6,False,
2025-05-11T18:43:21.760020,NQM5,bid_edge,-9.98,False,
2025-05-11T18:43:21.760020,NQM5,ask_edge,-7.9,False,
2025-05-11T18:43:21.760020,NQM5,bid_q,3,False,
2025-05-11T18:43:21.760020,NQM5,ask_q,8,False,
2025-05-11T18:43:21.760020,ESM5,bid_edge,-11.8,False,
2025-05-11T18:43:21.760020,ESM5,ask_edge,-8.37,False,
2025-05-11T18:43:21.760020,ESM5,bid_q,3,False,
2025-05-11T18:43:21.760020,ESM5,ask_q,6,False,
2025-05-11T18:43:21.760020,TUM5,bid_edge,-10.84,False,
2025-05-11T18:43:21.760020,TUM5,ask_edge,-12.37,False,
2025-05-11T18:43:21.760020,TUM5,bid_q,5,False,
2025-05-11T18:43:21.760020,TUM5,ask_q,1,False,
2025-05-11T18:43:22.775523,TYM5,bid_edge,-3.95,False,
2025-05-11T18:43:22.775523,TYM5,ask_edge,-3.12,False,
2025-05-11T18:43:22.775523,TYM5,bid_q,6,False,
2025-05-11T18:43:22.775523,TYM5,ask_q,1,False,
2025-05-11T18:43:22.775523,NQM5,bid_edge,-8.99,False,
2025-05-11T18:43:22.775523,NQM5,ask_edge,-8.55,False,
2025-05-11T18:43:22.775523,NQM5,bid_q,8,False,
2025-05-11T18:43:22.775523,NQM5,ask_q,6,False,
2025-05-11T18:43:22.775523,ESM5,bid_edge,-9.5,False,
2025-05-11T18:43:22.775523,ESM5,ask_edge,-7.66,False,
2025-05-11T18:43:22.775523,ESM5,bid_q,7,False,
2025-05-11T18:43:22.775523,ESM5,ask_q,6,False,
2025-05-11T18:43:22.775523,TUM5,bid_edge,-11.47,False,
2025-05-11T18:43:22.775523,TUM5,ask_edge,-9.92,False,
2025-05-11T18:43:22.775523,TUM5,bid_q,2,False,
2025-05-11T18:43:22.775523,TUM5,ask_q,7,False,
2025-05-11T18:43:23.790009,TYM5,bid_edge,-3.62,False,
2025-05-11T18:43:23.790009,TYM5,ask_edge,-3.54,False,
2025-05-11T18:43:23.790009,TYM5,bid_q,3,False,
2025-05-11T18:43:23.790009,TYM5,ask_q,6,False,
2025-05-11T18:43:23.790009,NQM5,bid_edge,-7.85,False,
2025-05-11T18:43:23.790009,NQM5,ask_edge,-10.24,False,
2025-05-11T18:43:23.790009,NQM5,bid_q,3,False,
2025-05-11T18:43:23.790009,NQM5,ask_q,3,False,
2025-05-11T18:43:23.790009,ESM5,bid_edge,-8.11,False,
2025-05-11T18:43:23.790009,ESM5,ask_edge,-8.75,False,
2025-05-11T18:43:23.790009,ESM5,bid_q,5,False,
2025-05-11T18:43:23.790009,ESM5,ask_q,2,False,
2025-05-11T18:43:23.790009,TUM5,bid_edge,-11.03,False,
2025-05-11T18:43:23.790009,TUM5,ask_edge,-8.1,False,
2025-05-11T18:43:23.790009,TUM5,bid_q,8,False,
2025-05-11T18:43:23.790009,TUM5,ask_q,6,False,
2025-05-11T18:43:24.806040,TYM5,bid_edge,-3.3,False,
2025-05-11T18:43:24.806040,TYM5,ask_edge,-4.27,False,
2025-05-11T18:43:24.806040,TYM5,bid_q,7,False,
2025-05-11T18:43:24.806040,TYM5,ask_q,8,False,
2025-05-11T18:43:24.806040,NQM5,bid_edge,-9.54,False,
2025-05-11T18:43:24.806040,NQM5,ask_edge,-11.46,False,
2025-05-11T18:43:24.806040,NQM5,bid_q,3,False,
2025-05-11T18:43:24.806040,NQM5,ask_q,7,False,
2025-05-11T18:43:24.806040,ESM5,bid_edge,-8.27,False,
2025-05-11T18:43:24.806040,ESM5,ask_edge,-10.92,False,
2025-05-11T18:43:24.806040,ESM5,bid_q,2,False,
2025-05-11T18:43:24.806040,ESM5,ask_q,5,False,
2025-05-11T18:43:24.806040,TUM5,bid_edge,-9.63,False,
2025-05-11T18:43:24.806040,TUM5,ask_edge,-7.67,False,
2025-05-11T18:43:24.806040,TUM5,bid_q,5,False,
2025-05-11T18:43:24.806040,TUM5,ask_q,2,False,
2025-05-11T18:43:25.823013,TYM5,bid_edge,-3.94,False,
2025-05-11T18:43:25.823013,TYM5,ask_edge,-4.59,False,
2025-05-11T18:43:25.823013,TYM5,bid_q,5,False,
2025-05-11T18:43:25.823013,TYM5,ask_q,2,False,
2025-05-11T18:43:25.823013,NQM5,bid_edge,-11.06,False,
2025-05-11T18:43:25.823013,NQM5,ask_edge,-11.04,False,
2025-05-11T18:43:25.823013,NQM5,bid_q,9,False,
2025-05-11T18:43:25.823013,NQM5,ask_q,6,False,
2025-05-11T18:43:25.823013,ESM5,bid_edge,-9.5,False,
2025-05-11T18:43:25.823013,ESM5,ask_edge,-12.4,False,
2025-05-11T18:43:25.823013,ESM5,bid_q,8,False,
2025-05-11T18:43:25.823013,ESM5,ask_q,7,False,
2025-05-11T18:43:25.823013,TUM5,bid_edge,-8.01,False,
2025-05-11T18:43:25.823013,TUM5,ask_edge,-8.93,False,
2025-05-11T18:43:25.823013,TUM5,bid_q,2,False,
2025-05-11T18:43:25.823013,TUM5,ask_q,7,False,
2025-05-11T18:43:26.843673,TYM5,bid_edge,-4.65,False,
2025-05-11T18:43:26.843673,TYM5,ask_edge,-4.09,False,
2025-05-11T18:43:26.843673,TYM5,bid_q,3,False,
2025-05-11T18:43:26.843673,TYM5,ask_q,5,False,
2025-05-11T18:43:26.843673,NQM5,bid_edge,-11.5,False,
2025-05-11T18:43:26.843673,NQM5,ask_edge,-9.88,False,
2025-05-11T18:43:26.843673,NQM5,bid_q,3,False,
2025-05-11T18:43:26.843673,NQM5,ask_q,1,False,
2025-05-11T18:43:26.843673,ESM5,bid_edge,-11.41,False,
2025-05-11T18:43:26.843673,ESM5,ask_edge,-11.53,False,
2025-05-11T18:43:26.843673,ESM5,bid_q,6,False,
2025-05-11T18:43:26.843673,ESM5,ask_q,3,False,
2025-05-11T18:43:26.843673,TUM5,bid_edge,-8.75,False,
2025-05-11T18:43:26.843673,TUM5,ask_edge,-10.9,False,
2025-05-11T18:43:26.843673,TUM5,bid_q,7,False,
2025-05-11T18:43:26.843673,TUM5,ask_q,8,False,
2025-05-11T18:43:27.858493,TYM5,bid_edge,-4.65,False,
2025-05-11T18:43:27.858493,TYM5,ask_edge,-3.53,False,
2025-05-11T18:43:27.858493,TYM5,bid_q,6,False,
2025-05-11T18:43:27.858493,TYM5,ask_q,7,False,
2025-05-11T18:43:27.858493,NQM5,bid_edge,-10.54,False,
2025-05-11T18:43:27.858493,NQM5,ask_edge,-8.36,False,
2025-05-11T18:43:27.858493,NQM5,bid_q,3,False,
2025-05-11T18:43:27.858493,NQM5,ask_q,8,False,
2025-05-11T18:43:27.858493,ESM5,bid_edge,-12.18,False,
2025-05-11T18:43:27.858493,ESM5,ask_edge,-8.93,False,
2025-05-11T18:43:27.858493,ESM5,bid_q,3,False,
2025-05-11T18:43:27.858493,ESM5,ask_q,6,False,
2025-05-11T18:43:27.858493,TUM5,bid_edge,-9.88,False,
2025-05-11T18:43:27.858493,TUM5,ask_edge,-12.04,False,
2025-05-11T18:43:27.858493,TUM5,bid_q,6,False,
2025-05-11T18:43:27.858493,TUM5,ask_q,3,False,
2025-05-11T18:43:28.875531,TYM5,bid_edge,-3.94,False,
2025-05-11T18:43:28.875531,TYM5,ask_edge,-3.27,False,
2025-05-11T18:43:28.875531,TYM5,bid_q,7,False,
2025-05-11T18:43:28.875531,TYM5,ask_q,3,False,
2025-05-11T18:43:28.875531,NQM5,bid_edge,-8.61,False,
2025-05-11T18:43:28.875531,NQM5,ask_edge,-8.13,False,
2025-05-11T18:43:28.875531,NQM5,bid_q,7,False,
2025-05-11T18:43:28.875531,NQM5,ask_q,6,False,
2025-05-11T18:43:28.875531,ESM5,bid_edge,-9.97,False,
2025-05-11T18:43:28.875531,ESM5,ask_edge,-7.9,False,
2025-05-11T18:43:28.875531,ESM5,bid_q,6,False,
2025-05-11T18:43:28.875531,ESM5,ask_q,7,False,
2025-05-11T18:43:28.875531,TUM5,bid_edge,-11.48,False,
2025-05-11T18:43:28.875531,TUM5,ask_edge,-10.5,False,
2025-05-11T18:43:28.875531,TUM5,bid_q,2,False,
2025-05-11T18:43:28.875531,TUM5,ask_q,7,False,
2025-05-11T18:43:29.884062,TYM5,bid_edge,-3.28,False,
2025-05-11T18:43:29.884062,TYM5,ask_edge,-3.33,False,
2025-05-11T18:43:29.884062,TYM5,bid_q,2,False,
2025-05-11T18:43:29.884062,TYM5,ask_q,5,False,
2025-05-11T18:43:29.884062,NQM5,bid_edge,-8.17,False,
2025-05-11T18:43:29.884062,NQM5,ask_edge,-10.41,False,
2025-05-11T18:43:29.884062,NQM5,bid_q,5,False,
2025-05-11T18:43:29.884062,NQM5,ask_q,2,False,
2025-05-11T18:43:29.884062,ESM5,bid_edge,-8.59,False,
2025-05-11T18:43:29.884062,ESM5,ask_edge,-8.3,False,
2025-05-11T18:43:29.884062,ESM5,bid_q,7,False,
2025-05-11T18:43:29.884062,ESM5,ask_q,3,False,
2025-05-11T18:43:29.884062,TUM5,bid_edge,-11.25,False,
2025-05-11T18:43:29.884062,TUM5,ask_edge,-8.64,False,
2025-05-11T18:43:29.884062,TUM5,bid_q,6,False,
2025-05-11T18:43:29.884062,TUM5,ask_q,8,False,
2025-05-11T18:43:30.891099,TYM5,bid_edge,-3.15,False,
2025-05-11T18:43:30.891099,TYM5,ask_edge,-4.38,False,
2025-05-11T18:43:30.891099,TYM5,bid_q,5,False,
2025-05-11T18:43:30.891099,TYM5,ask_q,7,False,
2025-05-11T18:43:30.891099,NQM5,bid_edge,-8.64,False,
2025-05-11T18:43:30.891099,NQM5,ask_edge,-11.45,False,
2025-05-11T18:43:30.891099,NQM5,bid_q,2,False,
2025-05-11T18:43:30.891099,NQM5,ask_q,7,False,
2025-05-11T18:43:30.891099,ESM5,bid_edge,-8.23,False,
2025-05-11T18:43:30.891099,ESM5,ask_edge,-11.06,False,
2025-05-11T18:43:30.891099,ESM5,bid_q,2,False,
2025-05-11T18:43:30.891099,ESM5,ask_q,6,False,
2025-05-11T18:43:30.891099,TUM5,bid_edge,-10.01,False,
2025-05-11T18:43:30.891099,TUM5,ask_edge,-7.71,False,
2025-05-11T18:43:30.891099,TUM5,bid_q,7,False,
2025-05-11T18:43:30.891099,TUM5,ask_q,3,False,
2025-05-11T18:43:31.908996,TYM5,bid_edge,-3.43,False,
2025-05-11T18:43:31.908996,TYM5,ask_edge,-4.6,False,
2025-05-11T18:43:31.908996,TYM5,bid_q,8,False,
2025-05-11T18:43:31.908996,TYM5,ask_q,2,False,
2025-05-11T18:43:31.908996,NQM5,bid_edge,-10.5,False,
2025-05-11T18:43:31.908996,NQM5,ask_edge,-11.31,False,
2025-05-11T18:43:31.908996,NQM5,bid_q,7,False,
2025-05-11T18:43:31.908996,NQM5,ask_q,7,False,
2025-05-11T18:43:31.908996,ESM5,bid_edge,-9.67,False,
2025-05-11T18:43:31.908996,ESM5,ask_edge,-12.0,False,
2025-05-11T18:43:31.908996,ESM5,bid_q,6,False,
2025-05-11T18:43:31.908996,ESM5,ask_q,8,False,
2025-05-11T18:43:31.908996,TUM5,bid_edge,-8.24,False,
2025-05-11T18:43:31.908996,TUM5,ask_edge,-8.72,False,
2025-05-11T18:43:31.908996,TUM5,bid_q,3,False,
2025-05-11T18:43:31.908996,TUM5,ask_q,6,False,
2025-05-11T18:43:32.916460,TYM5,bid_edge,-4.06,False,
2025-05-11T18:43:32.916460,TYM5,ask_edge,-4.36,False,
2025-05-11T18:43:32.916460,TYM5,bid_q,1,False,
2025-05-11T18:43:32.916460,TYM5,ask_q,5,False,
2025-05-11T18:43:32.916460,NQM5,bid_edge,-11.5,False,
2025-05-11T18:43:32.916460,NQM5,ask_edge,-9.73,False,
2025-05-11T18:43:32.916460,NQM5,bid_q,6,False,
2025-05-11T18:43:32.916460,NQM5,ask_q,2,False,
2025-05-11T18:43:32.916460,ESM5,bid_edge,-11.56,False,
2025-05-11T18:43:32.916460,ESM5,ask_edge,-11.45,False,
2025-05-11T18:43:32.916460,ESM5,bid_q,7,False,
2025-05-11T18:43:32.916460,ESM5,ask_q,3,False,
2025-05-11T18:43:32.916460,TUM5,bid_edge,-7.91,False,
2025-05-11T18:43:32.916460,TUM5,ask_edge,-10.75,False,
2025-05-11T18:43:32.916460,TUM5,bid_q,6,False,
2025-05-11T18:43:32.916460,TUM5,ask_q,8,False,
2025-05-11T18:43:33.925772,TYM5,bid_edge,-4.31,False,
2025-05-11T18:43:33.925772,TYM5,ask_edge,-3.61,False,
2025-05-11T18:43:33.925772,TYM5,bid_q,7,False,
2025-05-11T18:43:33.925772,TYM5,ask_q,9,False,
2025-05-11T18:43:33.925772,NQM5,bid_edge,-11.42,False,
2025-05-11T18:43:33.925772,NQM5,ask_edge,-8.06,False,
2025-05-11T18:43:33.925772,NQM5,bid_q,2,False,
2025-05-11T18:43:33.925772,NQM5,ask_q,5,False,
2025-05-11T18:43:33.925772,ESM5,bid_edge,-12.22,False,
2025-05-11T18:43:33.925772,ESM5,ask_edge,-9.52,False,
2025-05-11T18:43:33.925772,ESM5,bid_q,3,False,
2025-05-11T18:43:33.925772,ESM5,ask_q,3,False,
2025-05-11T18:43:33.925772,TUM5,bid_edge,-10.39,False,
2025-05-11T18:43:33.925772,TUM5,ask_edge,-12.18,False,
2025-05-11T18:43:33.925772,TUM5,bid_q,7,False,
2025-05-11T18:43:33.925772,TUM5,ask_q,3,False,
2025-05-11T18:43:34.949127,TYM5,bid_edge,-4.2,False,
2025-05-11T18:43:34.949127,TYM5,ask_edge,-2.98,False,
2025-05-11T18:43:34.949127,TYM5,bid_q,7,False,
2025-05-11T18:43:34.949127,TYM5,ask_q,3,False,
2025-05-11T18:43:34.949127,NQM5,bid_edge,-9.24,False,
2025-05-11T18:43:34.949127,NQM5,ask_edge,-7.7,False,
2025-05-11T18:43:34.949127,NQM5,bid_q,8,False,
2025-05-11T18:43:34.949127,NQM5,ask_q,8,False,
2025-05-11T18:43:34.949127,ESM5,bid_edge,-10.84,False,
2025-05-11T18:43:34.949127,ESM5,ask_edge,-7.75,False,
2025-05-11T18:43:34.949127,ESM5,bid_q,6,False,
2025-05-11T18:43:34.949127,ESM5,ask_q,8,False,
2025-05-11T18:43:34.949127,TUM5,bid_edge,-11.23,False,
2025-05-11T18:43:34.949127,TUM5,ask_edge,-11.09,False,
2025-05-11T18:43:34.949127,TUM5,bid_q,2,False,
2025-05-11T18:43:34.949127,TUM5,ask_q,4,False,
2025-05-11T18:43:35.973857,TYM5,bid_edge,-3.47,False,
2025-05-11T18:43:35.973857,TYM5,ask_edge,-3.02,False,
2025-05-11T18:43:35.973857,TYM5,bid_q,1,False,
2025-05-11T18:43:35.973857,TYM5,ask_q,3,False,
2025-05-11T18:43:35.973857,NQM5,bid_edge,-8.34,False,
2025-05-11T18:43:35.973857,NQM5,ask_edge,-10.15,False,
2025-05-11T18:43:35.973857,NQM5,bid_q,7,False,
2025-05-11T18:43:35.973857,NQM5,ask_q,1,False,
2025-05-11T18:43:35.973857,ESM5,bid_edge,-8.88,False,
2025-05-11T18:43:35.973857,ESM5,ask_edge,-8.15,False,
2025-05-11T18:43:35.973857,ESM5,bid_q,8,False,
2025-05-11T18:43:35.973857,ESM5,ask_q,4,False,
2025-05-11T18:43:35.973857,TUM5,bid_edge,-11.67,False,
2025-05-11T18:43:35.973857,TUM5,ask_edge,-8.87,False,
2025-05-11T18:43:35.973857,TUM5,bid_q,6,False,
2025-05-11T18:43:35.973857,TUM5,ask_q,7,False,
2025-05-11T18:43:36.995974,TYM5,bid_edge,-3.24,False,
2025-05-11T18:43:36.995974,TYM5,ask_edge,-4.14,False,
2025-05-11T18:43:36.995974,TYM5,bid_q,6,False,
2025-05-11T18:43:36.995974,TYM5,ask_q,8,False,
2025-05-11T18:43:36.995974,NQM5,bid_edge,-8.88,False,
2025-05-11T18:43:36.995974,NQM5,ask_edge,-11.45,False,
2025-05-11T18:43:36.995974,NQM5,bid_q,2,False,
2025-05-11T18:43:36.995974,NQM5,ask_q,6,False,
2025-05-11T18:43:36.995974,ESM5,bid_edge,-8.05,False,
2025-05-11T18:43:36.995974,ESM5,ask_edge,-10.67,False,
2025-05-11T18:43:36.995974,ESM5,bid_q,3,False,
2025-05-11T18:43:36.995974,ESM5,ask_q,4,False,
2025-05-11T18:43:36.995974,TUM5,bid_edge,-10.65,False,
2025-05-11T18:43:36.995974,TUM5,ask_edge,-7.58,False,
2025-05-11T18:43:36.995974,TUM5,bid_q,8,False,
2025-05-11T18:43:36.995974,TUM5,ask_q,2,False,
2025-05-11T18:43:38.005447,TYM5,bid_edge,-3.65,False,
2025-05-11T18:43:38.005447,TYM5,ask_edge,-4.59,False,
2025-05-11T18:43:38.005447,TYM5,bid_q,7,False,
2025-05-11T18:43:38.005447,TYM5,ask_q,4,False,
2025-05-11T18:43:38.005447,NQM5,bid_edge,-10.89,False,
2025-05-11T18:43:38.005447,NQM5,ask_edge,-11.69,False,
2025-05-11T18:43:38.005447,NQM5,bid_q,7,False,
2025-05-11T18:43:38.005447,NQM5,ask_q,7,False,
2025-05-11T18:43:38.005447,ESM5,bid_edge,-9.15,False,
2025-05-11T18:43:38.005447,ESM5,ask_edge,-11.83,False,
2025-05-11T18:43:38.005447,ESM5,bid_q,4,False,
2025-05-11T18:43:38.005447,ESM5,ask_q,8,False,
2025-05-11T18:43:38.005447,TUM5,bid_edge,-8.06,False,
2025-05-11T18:43:38.005447,TUM5,ask_edge,-9.1,False,
2025-05-11T18:43:38.005447,TUM5,bid_q,3,False,
2025-05-11T18:43:38.005447,TUM5,ask_q,4,False,
2025-05-11T18:43:39.014846,TYM5,bid_edge,-4.53,False,
2025-05-11T18:43:39.014846,TYM5,ask_edge,-4.59,False,
2025-05-11T18:43:39.014846,TYM5,bid_q,3,False,
2025-05-11T18:43:39.014846,TYM5,ask_q,3,False,
2025-05-11T18:43:39.014846,NQM5,bid_edge,-11.86,False,
2025-05-11T18:43:39.014846,NQM5,ask_edge,-10.98,False,
2025-05-11T18:43:39.014846,NQM5,bid_q,6,False,
2025-05-11T18:43:39.014846,NQM5,ask_q,2,False,
2025-05-11T18:43:39.014846,ESM5,bid_edge,-10.67,False,
2025-05-11T18:43:39.014846,ESM5,ask_edge,-11.64,False,
2025-05-11T18:43:39.014846,ESM5,bid_q,8,False,
2025-05-11T18:43:39.014846,ESM5,ask_q,4,False,
2025-05-11T18:43:39.014846,TUM5,bid_edge,-8.44,False,
2025-05-11T18:43:39.014846,TUM5,ask_edge,-10.96,False,
2025-05-11T18:43:39.014846,TUM5,bid_q,6,False,
2025-05-11T18:43:39.014846,TUM5,ask_q,9,False,
2025-05-11T18:43:40.027093,TYM5,bid_edge,-4.99,False,
2025-05-11T18:43:40.027093,TYM5,ask_edge,-4.29,False,
2025-05-11T18:43:40.027093,TYM5,bid_q,5,False,
2025-05-11T18:43:40.027093,TYM5,ask_q,8,False,
2025-05-11T18:43:40.027093,NQM5,bid_edge,-11.35,False,
2025-05-11T18:43:40.027093,NQM5,ask_edge,-8.9,False,
2025-05-11T18:43:40.027093,NQM5,bid_q,1,False,
2025-05-11T18:43:40.027093,NQM5,ask_q,6,False,
2025-05-11T18:43:40.027093,ESM5,bid_edge,-12.49,False,
2025-05-11T18:43:40.027093,ESM5,ask_edge,-9.4,False,
2025-05-11T18:43:40.027093,ESM5,bid_q,2,False,
2025-05-11T18:43:40.027093,ESM5,ask_q,3,False,
2025-05-11T18:43:40.027093,TUM5,bid_edge,-9.65,False,
2025-05-11T18:43:40.027093,TUM5,ask_edge,-11.47,False,
2025-05-11T18:43:40.027093,TUM5,bid_q,9,False,
2025-05-11T18:43:40.027093,TUM5,ask_q,4,False,
2025-05-11T18:43:41.035781,TYM5,bid_edge,-4.42,False,
2025-05-11T18:43:41.035781,TYM5,ask_edge,-3.78,False,
2025-05-11T18:43:41.035781,TYM5,bid_q,8,False,
2025-05-11T18:43:41.035781,TYM5,ask_q,4,False,
2025-05-11T18:43:41.035781,NQM5,bid_edge,-10.03,False,
2025-05-11T18:43:41.035781,NQM5,ask_edge,-7.8,False,
2025-05-11T18:43:41.035781,NQM5,bid_q,6,False,
2025-05-11T18:43:41.035781,NQM5,ask_q,7,False,
2025-05-11T18:43:41.035781,ESM5,bid_edge,-10.89,False,
2025-05-11T18:43:41.035781,ESM5,ask_edge,-8.16,False,
2025-05-11T18:43:41.035781,ESM5,bid_q,4,False,
2025-05-11T18:43:41.035781,ESM5,ask_q,9,False,
2025-05-11T18:43:41.035781,TUM5,bid_edge,-11.56,False,
2025-05-11T18:43:41.035781,TUM5,ask_edge,-11.0,False,
2025-05-11T18:43:41.035781,TUM5,bid_q,3,False,
2025-05-11T18:43:41.035781,TUM5,ask_q,4,False,
2025-05-11T18:43:42.038309,TYM5,bid_edge,-3.96,False,
2025-05-11T18:43:42.038309,TYM5,ask_edge,-3.34,False,
2025-05-11T18:43:42.038309,TYM5,bid_q,3,False,
2025-05-11T18:43:42.038309,TYM5,ask_q,4,False,
2025-05-11T18:43:42.038309,NQM5,bid_edge,-7.72,False,
2025-05-11T18:43:42.038309,NQM5,ask_edge,-9.34,False,
2025-05-11T18:43:42.038309,NQM5,bid_q,6,False,
2025-05-11T18:43:42.038309,NQM5,ask_q,3,False,
2025-05-11T18:43:42.038309,ESM5,bid_edge,-8.71,False,
2025-05-11T18:43:42.038309,ESM5,ask_edge,-8.03,False,
2025-05-11T18:43:42.038309,ESM5,bid_q,8,False,
2025-05-11T18:43:42.038309,ESM5,ask_q,4,False,
2025-05-11T18:43:42.038309,TUM5,bid_edge,-11.77,False,
2025-05-11T18:43:42.038309,TUM5,ask_edge,-9.14,False,
2025-05-11T18:43:42.038309,TUM5,bid_q,4,False,
2025-05-11T18:43:42.038309,TUM5,ask_q,8,False,
2025-05-11T18:43:43.045068,TYM5,bid_edge,-3.23,False,
2025-05-11T18:43:43.045068,TYM5,ask_edge,-3.93,False,
2025-05-11T18:43:43.045068,TYM5,bid_q,3,False,
2025-05-11T18:43:43.045068,TYM5,ask_q,9,False,
2025-05-11T18:43:43.045068,NQM5,bid_edge,-8.53,False,
2025-05-11T18:43:43.045068,NQM5,ask_edge,-11.01,False,
2025-05-11T18:43:43.045068,NQM5,bid_q,3,False,
2025-05-11T18:43:43.045068,NQM5,ask_q,5,False,
2025-05-11T18:43:43.045068,ESM5,bid_edge,-8.5,False,
2025-05-11T18:43:43.045068,ESM5,ask_edge,-10.29,False,
2025-05-11T18:43:43.045068,ESM5,bid_q,3,False,
2025-05-11T18:43:43.045068,ESM5,ask_q,2,False,
2025-05-11T18:43:43.045068,TUM5,bid_edge,-10.71,False,
2025-05-11T18:43:43.045068,TUM5,ask_edge,-8.14,False,
2025-05-11T18:43:43.045068,TUM5,bid_q,8,False,
2025-05-11T18:43:43.045068,TUM5,ask_q,4,False,
2025-05-11T18:43:44.060084,TYM5,bid_edge,-3.33,False,
2025-05-11T18:43:44.060084,TYM5,ask_edge,-4.38,False,
2025-05-11T18:43:44.060084,TYM5,bid_q,9,False,
2025-05-11T18:43:44.060084,TYM5,ask_q,5,False,
2025-05-11T18:43:44.060084,NQM5,bid_edge,-9.8,False,
2025-05-11T18:43:44.060084,NQM5,ask_edge,-12.16,False,
2025-05-11T18:43:44.060084,NQM5,bid_q,6,False,
2025-05-11T18:43:44.060084,NQM5,ask_q,8,False,
2025-05-11T18:43:44.060084,ESM5,bid_edge,-9.28,False,
2025-05-11T18:43:44.060084,ESM5,ask_edge,-12.02,False,
2025-05-11T18:43:44.060084,ESM5,bid_q,3,False,
2025-05-11T18:43:44.060084,ESM5,ask_q,8,False,
2025-05-11T18:43:44.060084,TUM5,bid_edge,-9.05,False,
2025-05-11T18:43:44.060084,TUM5,ask_edge,-8.46,False,
2025-05-11T18:43:44.060084,TUM5,bid_q,4,False,
2025-05-11T18:43:44.060084,TUM5,ask_q,3,False,
2025-05-11T18:43:45.075497,TYM5,bid_edge,-3.78,False,
2025-05-11T18:43:45.075497,TYM5,ask_edge,-4.66,False,
2025-05-11T18:43:45.075497,TYM5,bid_q,3,False,
2025-05-11T18:43:45.075497,TYM5,ask_q,3,False,
2025-05-11T18:43:45.075497,NQM5,bid_edge,-11.49,False,
2025-05-11T18:43:45.075497,NQM5,ask_edge,-11.09,False,
2025-05-11T18:43:45.075497,NQM5,bid_q,8,False,
2025-05-11T18:43:45.075497,NQM5,ask_q,3,False,
2025-05-11T18:43:45.075497,ESM5,bid_edge,-10.75,False,
2025-05-11T18:43:45.075497,ESM5,ask_edge,-11.95,False,
2025-05-11T18:43:45.075497,ESM5,bid_q,8,False,
2025-05-11T18:43:45.075497,ESM5,ask_q,6,False,
2025-05-11T18:43:45.075497,TUM5,bid_edge,-7.88,False,
2025-05-11T18:43:45.075497,TUM5,ask_edge,-10.44,False,
2025-05-11T18:43:45.075497,TUM5,bid_q,4,False,
2025-05-11T18:43:45.075497,TUM5,ask_q,7,False,
2025-05-11T18:43:46.087417,TYM5,bid_edge,-4.41,False,
2025-05-11T18:43:46.087417,TYM5,ask_edge,-4.29,False,
2025-05-11T18:43:46.087417,TYM5,bid_q,3,False,
2025-05-11T18:43:46.087417,TYM5,ask_q,7,False,
2025-05-11T18:43:46.087417,NQM5,bid_edge,-11.7,False,
2025-05-11T18:43:46.087417,NQM5,ask_edge,-8.59,False,
2025-05-11T18:43:46.087417,NQM5,bid_q,2,False,
2025-05-11T18:43:46.087417,NQM5,ask_q,3,False,
2025-05-11T18:43:46.087417,ESM5,bid_edge,-11.55,False,
2025-05-11T18:43:46.087417,ESM5,ask_edge,-10.54,False,
2025-05-11T18:43:46.087417,ESM5,bid_q,3,False,
2025-05-11T18:43:46.087417,ESM5,ask_q,3,False,
2025-05-11T18:43:46.087417,TUM5,bid_edge,-9.5,False,
2025-05-11T18:43:46.087417,TUM5,ask_edge,-11.53,False,
2025-05-11T18:43:46.087417,TUM5,bid_q,9,False,
2025-05-11T18:43:46.087417,TUM5,ask_q,5,False,
2025-05-11T18:43:47.098112,TYM5,bid_edge,-4.59,False,
2025-05-11T18:43:47.098112,TYM5,ask_edge,-3.28,False,
2025-05-11T18:43:47.098112,TYM5,bid_q,7,False,
2025-05-11T18:43:47.098112,TYM5,ask_q,5,False,
2025-05-11T18:43:47.098112,NQM5,bid_edge,-9.79,False,
2025-05-11T18:43:47.098112,NQM5,ask_edge,-8.22,False,
2025-05-11T18:43:47.098112,NQM5,bid_q,6,False,
2025-05-11T18:43:47.098112,NQM5,ask_q,7,False,
2025-05-11T18:43:47.098112,ESM5,bid_edge,-11.17,False,
2025-05-11T18:43:47.098112,ESM5,ask_edge,-8.89,False,
2025-05-11T18:43:47.098112,ESM5,bid_q,3,False,
2025-05-11T18:43:47.098112,ESM5,ask_q,8,False,
2025-05-11T18:43:47.098112,TUM5,bid_edge,-11.19,False,
2025-05-11T18:43:47.098112,TUM5,ask_edge,-11.55,False,
2025-05-11T18:43:47.098112,TUM5,bid_q,3,False,
2025-05-11T18:43:47.098112,TUM5,ask_q,2,False,
2025-05-11T18:43:48.105974,TYM5,bid_edge,-3.84,False,
2025-05-11T18:43:48.105974,TYM5,ask_edge,-3.08,False,
2025-05-11T18:43:48.105974,TYM5,bid_q,4,False,
2025-05-11T18:43:48.105974,TYM5,ask_q,2,False,
2025-05-11T18:43:48.105974,NQM5,bid_edge,-8.67,False,
2025-05-11T18:43:48.105974,NQM5,ask_edge,-8.62,False,
2025-05-11T18:43:48.105974,NQM5,bid_q,8,False,
2025-05-11T18:43:48.105974,NQM5,ask_q,3,False,
2025-05-11T18:43:48.105974,ESM5,bid_edge,-9.7,False,
2025-05-11T18:43:48.105974,ESM5,ask_edge,-7.92,False,
2025-05-11T18:43:48.105974,ESM5,bid_q,8,False,
2025-05-11T18:43:48.105974,ESM5,ask_q,7,False,
2025-05-11T18:43:48.105974,TUM5,bid_edge,-12.42,False,
2025-05-11T18:43:48.105974,TUM5,ask_edge,-10.37,False,
2025-05-11T18:43:48.105974,TUM5,bid_q,4,False,
2025-05-11T18:43:48.105974,TUM5,ask_q,8,False,
2025-05-11T18:43:49.123525,TYM5,bid_edge,-3.35,False,
2025-05-11T18:43:49.123525,TYM5,ask_edge,-3.47,False,
2025-05-11T18:43:49.123525,TYM5,bid_q,4,False,
2025-05-11T18:43:49.123525,TYM5,ask_q,7,False,
2025-05-11T18:43:49.123525,NQM5,bid_edge,-7.77,False,
2025-05-11T18:43:49.123525,NQM5,ask_edge,-10.36,False,
2025-05-11T18:43:49.123525,NQM5,bid_q,3,False,
2025-05-11T18:43:49.123525,NQM5,ask_q,4,False,
2025-05-11T18:43:49.123525,ESM5,bid_edge,-8.41,False,
2025-05-11T18:43:49.123525,ESM5,ask_edge,-9.52,False,
2025-05-11T18:43:49.123525,ESM5,bid_q,4,False,
2025-05-11T18:43:49.123525,ESM5,ask_q,1,False,
2025-05-11T18:43:49.123525,TUM5,bid_edge,-10.89,False,
2025-05-11T18:43:49.123525,TUM5,ask_edge,-8.05,False,
2025-05-11T18:43:49.123525,TUM5,bid_q,9,False,
2025-05-11T18:43:49.123525,TUM5,ask_q,5,False,
2025-05-11T18:43:50.146167,TYM5,bid_edge,-3.04,False,
2025-05-11T18:43:50.146167,TYM5,ask_edge,-4.06,False,
2025-05-11T18:43:50.146167,TYM5,bid_q,8,False,
2025-05-11T18:43:50.146167,TYM5,ask_q,5,False,
2025-05-11T18:43:50.146167,NQM5,bid_edge,-9.32,False,
2025-05-11T18:43:50.146167,NQM5,ask_edge,-11.92,False,
2025-05-11T18:43:50.146167,NQM5,bid_q,4,False,
2025-05-11T18:43:50.146167,NQM5,ask_q,8,False,
2025-05-11T18:43:50.146167,ESM5,bid_edge,-8.84,False,
2025-05-11T18:43:50.146167,ESM5,ask_edge,-11.52,False,
2025-05-11T18:43:50.146167,ESM5,bid_q,2,False,
2025-05-11T18:43:50.146167,ESM5,ask_q,7,False,
2025-05-11T18:43:50.146167,TUM5,bid_edge,-9.41,False,
2025-05-11T18:43:50.146167,TUM5,ask_edge,-7.75,False,
2025-05-11T18:43:50.146167,TUM5,bid_q,3,False,
2025-05-11T18:43:50.146167,TUM5,ask_q,2,False,
2025-05-11T18:43:51.158742,TYM5,bid_edge,-3.53,False,
2025-05-11T18:43:51.158742,TYM5,ask_edge,-4.53,False,
2025-05-11T18:43:51.158742,TYM5,bid_q,4,False,
2025-05-11T18:43:51.158742,TYM5,ask_q,3,False,
2025-05-11T18:43:51.158742,NQM5,bid_edge,-11.47,False,
2025-05-11T18:43:51.158742,NQM5,ask_edge,-11.45,False,
2025-05-11T18:43:51.158742,NQM5,bid_q,7,False,
2025-05-11T18:43:51.158742,NQM5,ask_q,4,False,
2025-05-11T18:43:51.158742,ESM5,bid_edge,-10.59,False,
2025-05-11T18:43:51.158742,ESM5,ask_edge,-11.92,False,
2025-05-11T18:43:51.158742,ESM5,bid_q,8,False,
2025-05-11T18:43:51.158742,ESM5,ask_q,7,False,
2025-05-11T18:43:51.158742,TUM5,bid_edge,-8.24,False,
2025-05-11T18:43:51.158742,TUM5,ask_edge,-9.93,False,
2025-05-11T18:43:51.158742,TUM5,bid_q,2,False,
2025-05-11T18:43:51.158742,TUM5,ask_q,6,False,
2025-05-11T18:43:52.175401,TYM5,bid_edge,-4.32,False,
2025-05-11T18:43:52.175401,TYM5,ask_edge,-4.41,False,
2025-05-11T18:43:52.175401,TYM5,bid_q,2,False,
2025-05-11T18:43:52.175401,TYM5,ask_q,6,False,
2025-05-11T18:43:52.175401,NQM5,bid_edge,-12.31,False,
2025-05-11T18:43:52.175401,NQM5,ask_edge,-9.28,False,
2025-05-11T18:43:52.175401,NQM5,bid_q,4,False,
2025-05-11T18:43:52.175401,NQM5,ask_q,2,False,
2025-05-11T18:43:52.175401,ESM5,bid_edge,-12.06,False,
2025-05-11T18:43:52.175401,ESM5,ask_edge,-11.02,False,
2025-05-11T18:43:52.175401,ESM5,bid_q,5,False,
2025-05-11T18:43:52.175401,ESM5,ask_q,3,False,
2025-05-11T18:43:52.175401,TUM5,bid_edge,-8.43,False,
2025-05-11T18:43:52.175401,TUM5,ask_edge,-11.4,False,
2025-05-11T18:43:52.175401,TUM5,bid_q,8,False,
2025-05-11T18:43:52.175401,TUM5,ask_q,5,False,
2025-05-11T18:43:53.190399,TYM5,bid_edge,-4.7,False,
2025-05-11T18:43:53.190399,TYM5,ask_edge,-3.54,False,
2025-05-11T18:43:53.190399,TYM5,bid_q,7,False,
2025-05-11T18:43:53.190399,TYM5,ask_q,6,False,
2025-05-11T18:43:53.190399,NQM5,bid_edge,-10.14,False,
2025-05-11T18:43:53.190399,NQM5,ask_edge,-7.69,False,
2025-05-11T18:43:53.190399,NQM5,bid_q,3,False,
2025-05-11T18:43:53.190399,NQM5,ask_q,7,False,
2025-05-11T18:43:53.190399,ESM5,bid_edge,-11.19,False,
2025-05-11T18:43:53.190399,ESM5,ask_edge,-8.85,False,
2025-05-11T18:43:53.190399,ESM5,bid_q,2,False,
2025-05-11T18:43:53.190399,ESM5,ask_q,7,False,
2025-05-11T18:43:53.190399,TUM5,bid_edge,-10.31,False,
2025-05-11T18:43:53.190399,TUM5,ask_edge,-11.7,False,
2025-05-11T18:43:53.190399,TUM5,bid_q,4,False,
2025-05-11T18:43:53.190399,TUM5,ask_q,2,False,
2025-05-11T18:43:54.196023,TYM5,bid_edge,-4.06,False,
2025-05-11T18:43:54.196023,TYM5,ask_edge,-2.96,False,
2025-05-11T18:43:54.196023,TYM5,bid_q,6,False,
2025-05-11T18:43:54.196023,TYM5,ask_q,2,False,
2025-05-11T18:43:54.196023,NQM5,bid_edge,-8.99,False,
2025-05-11T18:43:54.196023,NQM5,ask_edge,-8.11,False,
2025-05-11T18:43:54.196023,NQM5,bid_q,8,False,
2025-05-11T18:43:54.196023,NQM5,ask_q,5,False,
2025-05-11T18:43:54.196023,ESM5,bid_edge,-10.33,False,
2025-05-11T18:43:54.196023,ESM5,ask_edge,-8.0,False,
2025-05-11T18:43:54.196023,ESM5,bid_q,8,False,
2025-05-11T18:43:54.196023,ESM5,ask_q,7,False,
2025-05-11T18:43:54.196023,TUM5,bid_edge,-12.02,False,
2025-05-11T18:43:54.196023,TUM5,ask_edge,-10.52,False,
2025-05-11T18:43:54.196023,TUM5,bid_q,3,False,
2025-05-11T18:43:54.196023,TUM5,ask_q,6,False,
2025-05-11T18:43:55.207386,TYM5,bid_edge,-3.43,False,
2025-05-11T18:43:55.207386,TYM5,ask_edge,-3.14,False,
2025-05-11T18:43:55.207386,TYM5,bid_q,3,False,
2025-05-11T18:43:55.207386,TYM5,ask_q,7,False,
2025-05-11T18:43:55.207386,NQM5,bid_edge,-7.68,False,
2025-05-11T18:43:55.207386,NQM5,ask_edge,-10.09,False,
2025-05-11T18:43:55.207386,NQM5,bid_q,3,False,
2025-05-11T18:43:55.207386,NQM5,ask_q,3,False,
2025-05-11T18:43:55.207386,ESM5,bid_edge,-8.3,False,
2025-05-11T18:43:55.207386,ESM5,ask_edge,-9.07,False,
2025-05-11T18:43:55.207386,ESM5,bid_q,5,False,
2025-05-11T18:43:55.207386,ESM5,ask_q,2,False,
2025-05-11T18:43:55.207386,TUM5,bid_edge,-11.62,False,
2025-05-11T18:43:55.207386,TUM5,ask_edge,-8.17,False,
2025-05-11T18:43:55.207386,TUM5,bid_q,8,False,
2025-05-11T18:43:55.207386,TUM5,ask_q,7,False,
2025-05-11T18:43:56.225574,TYM5,bid_edge,-3.06,False,
2025-05-11T18:43:56.225574,TYM5,ask_edge,-3.89,False,
2025-05-11T18:43:56.225574,TYM5,bid_q,7,False,
2025-05-11T18:43:56.225574,TYM5,ask_q,8,False,
2025-05-11T18:43:56.225574,NQM5,bid_edge,-9.84,False,
2025-05-11T18:43:56.225574,NQM5,ask_edge,-12.29,False,
2025-05-11T18:43:56.225574,NQM5,bid_q,4,False,
2025-05-11T18:43:56.225574,NQM5,ask_q,8,False,
2025-05-11T18:43:56.225574,ESM5,bid_edge,-8.39,False,
2025-05-11T18:43:56.225574,ESM5,ask_edge,-11.51,False,
2025-05-11T18:43:56.225574,ESM5,bid_q,2,False,
2025-05-11T18:43:56.225574,ESM5,ask_q,5,False,
2025-05-11T18:43:56.225574,TUM5,bid_edge,-9.32,False,
2025-05-11T18:43:56.225574,TUM5,ask_edge,-7.63,False,
2025-05-11T18:43:56.225574,TUM5,bid_q,6,False,
2025-05-11T18:43:56.225574,TUM5,ask_q,2,False,
2025-05-11T18:43:57.242781,TYM5,bid_edge,-3.93,False,
2025-05-11T18:43:57.242781,TYM5,ask_edge,-4.64,False,
2025-05-11T18:43:57.242781,TYM5,bid_q,6,False,
2025-05-11T18:43:57.242781,TYM5,ask_q,2,False,
2025-05-11T18:43:57.242781,NQM5,bid_edge,-11.61,False,
2025-05-11T18:43:57.242781,NQM5,ask_edge,-11.3,False,
2025-05-11T18:43:57.242781,NQM5,bid_q,8,False,
2025-05-11T18:43:57.242781,NQM5,ask_q,5,False,
2025-05-11T18:43:57.242781,ESM5,bid_edge,-10.34,False,
2025-05-11T18:43:57.242781,ESM5,ask_edge,-11.99,False,
2025-05-11T18:43:57.242781,ESM5,bid_q,7,False,
2025-05-11T18:43:57.242781,ESM5,ask_q,6,False,
2025-05-11T18:43:57.242781,TUM5,bid_edge,-8.15,False,
2025-05-11T18:43:57.242781,TUM5,ask_edge,-9.66,False,
2025-05-11T18:43:57.242781,TUM5,bid_q,3,False,
2025-05-11T18:43:57.242781,TUM5,ask_q,7,False,
2025-05-11T18:43:58.253916,TYM5,bid_edge,-4.67,False,
2025-05-11T18:43:58.253916,TYM5,ask_edge,-4.37,False,
2025-05-11T18:43:58.253916,TYM5,bid_q,2,False,
2025-05-11T18:43:58.253916,TYM5,ask_q,5,False,
2025-05-11T18:43:58.253916,NQM5,bid_edge,-12.13,False,
2025-05-11T18:43:58.253916,NQM5,ask_edge,-9.24,False,
2025-05-11T18:43:58.253916,NQM5,bid_q,5,False,
2025-05-11T18:43:58.253916,NQM5,ask_q,3,False,
2025-05-11T18:43:58.253916,ESM5,bid_edge,-11.87,False,
2025-05-11T18:43:58.253916,ESM5,ask_edge,-11.31,False,
2025-05-11T18:43:58.253916,ESM5,bid_q,6,False,
2025-05-11T18:43:58.253916,ESM5,ask_q,2,False,
2025-05-11T18:43:58.253916,TUM5,bid_edge,-8.67,False,
2025-05-11T18:43:58.253916,TUM5,ask_edge,-11.48,False,
2025-05-11T18:43:58.253916,TUM5,bid_q,7,False,
2025-05-11T18:43:58.253916,TUM5,ask_q,7,False,
2025-05-11T18:43:59.274777,TYM5,bid_edge,-4.84,False,
2025-05-11T18:43:59.274777,TYM5,ask_edge,-3.41,False,
2025-05-11T18:43:59.274777,TYM5,bid_q,6,False,
2025-05-11T18:43:59.274777,TYM5,ask_q,8,False,
2025-05-11T18:43:59.274777,NQM5,bid_edge,-10.61,False,
2025-05-11T18:43:59.274777,NQM5,ask_edge,-8.38,False,
2025-05-11T18:43:59.274777,NQM5,bid_q,2,False,
2025-05-11T18:43:59.274777,NQM5,ask_q,8,False,
2025-05-11T18:43:59.274777,ESM5,bid_edge,-12.04,False,
2025-05-11T18:43:59.274777,ESM5,ask_edge,-9.11,False,
2025-05-11T18:43:59.274777,ESM5,bid_q,1,False,
2025-05-11T18:43:59.274777,ESM5,ask_q,6,False,
2025-05-11T18:43:59.274777,TUM5,bid_edge,-10.76,False,
2025-05-11T18:43:59.274777,TUM5,ask_edge,-11.92,False,
2025-05-11T18:43:59.274777,TUM5,bid_q,6,False,
2025-05-11T18:43:59.274777,TUM5,ask_q,2,False,
2025-05-11T18:44:00.289613,TYM5,bid_edge,-4.11,False,
2025-05-11T18:44:00.289613,TYM5,ask_edge,-3.16,False,
2025-05-11T18:44:00.289613,TYM5,bid_q,7,False,
2025-05-11T18:44:00.289613,TYM5,ask_q,3,False,
2025-05-11T18:44:00.289613,NQM5,bid_edge,-9.31,False,
2025-05-11T18:44:00.289613,NQM5,ask_edge,-8.6,False,
2025-05-11T18:44:00.289613,NQM5,bid_q,9,False,
2025-05-11T18:44:00.289613,NQM5,ask_q,5,False,
2025-05-11T18:44:00.289613,ESM5,bid_edge,-9.73,False,
2025-05-11T18:44:00.289613,ESM5,ask_edge,-7.95,False,
2025-05-11T18:44:00.289613,ESM5,bid_q,7,False,
2025-05-11T18:44:00.289613,ESM5,ask_q,8,False,
2025-05-11T18:44:00.289613,TUM5,bid_edge,-12.13,False,
2025-05-11T18:44:00.289613,TUM5,ask_edge,-10.35,False,
2025-05-11T18:44:00.289613,TUM5,bid_q,2,False,
2025-05-11T18:44:00.289613,TUM5,ask_q,5,False,
2025-05-11T18:44:01.313565,TYM5,bid_edge,-3.79,False,
2025-05-11T18:44:01.313565,TYM5,ask_edge,-3.5,False,
2025-05-11T18:44:01.313565,TYM5,bid_q,2,False,
2025-05-11T18:44:01.313565,TYM5,ask_q,4,False,
2025-05-11T18:44:01.313565,NQM5,bid_edge,-7.64,False,
2025-05-11T18:44:01.313565,NQM5,ask_edge,-10.5,False,
2025-05-11T18:44:01.313565,NQM5,bid_q,5,False,
2025-05-11T18:44:01.313565,NQM5,ask_q,2,False,
2025-05-11T18:44:01.313565,ESM5,bid_edge,-8.45,False,
2025-05-11T18:44:01.313565,ESM5,ask_edge,-8.96,False,
2025-05-11T18:44:01.313565,ESM5,bid_q,6,False,
2025-05-11T18:44:01.313565,ESM5,ask_q,3,False,
2025-05-11T18:44:01.313565,TUM5,bid_edge,-11.52,False,
2025-05-11T18:44:01.313565,TUM5,ask_edge,-8.67,False,
2025-05-11T18:44:01.313565,TUM5,bid_q,7,False,
2025-05-11T18:44:01.313565,TUM5,ask_q,7,False,
2025-05-11T18:44:02.329905,TYM5,bid_edge,-3.18,False,
2025-05-11T18:44:02.329905,TYM5,ask_edge,-4.31,False,
2025-05-11T18:44:02.329905,TYM5,bid_q,7,False,
2025-05-11T18:44:02.329905,TYM5,ask_q,7,False,
2025-05-11T18:44:02.329905,NQM5,bid_edge,-9.07,False,
2025-05-11T18:44:02.329905,NQM5,ask_edge,-11.51,False,
2025-05-11T18:44:02.329905,NQM5,bid_q,3,False,
2025-05-11T18:44:02.329905,NQM5,ask_q,7,False,
2025-05-11T18:44:02.329905,ESM5,bid_edge,-8.52,False,
2025-05-11T18:44:02.329905,ESM5,ask_edge,-11.15,False,
2025-05-11T18:44:02.329905,ESM5,bid_q,1,False,
2025-05-11T18:44:02.329905,ESM5,ask_q,4,False,
2025-05-11T18:44:02.329905,TUM5,bid_edge,-10.05,False,
2025-05-11T18:44:02.329905,TUM5,ask_edge,-8.5,False,
2025-05-11T18:44:02.329905,TUM5,bid_q,6,False,
2025-05-11T18:44:02.329905,TUM5,ask_q,2,False,
2025-05-11T18:44:03.340389,TYM5,bid_edge,-3.57,False,
2025-05-11T18:44:03.340389,TYM5,ask_edge,-4.56,False,
2025-05-11T18:44:03.340389,TYM5,bid_q,7,False,
2025-05-11T18:44:03.340389,TYM5,ask_q,3,False,
2025-05-11T18:44:03.340389,NQM5,bid_edge,-10.54,False,
2025-05-11T18:44:03.340389,NQM5,ask_edge,-11.27,False,
2025-05-11T18:44:03.340389,NQM5,bid_q,8,False,
2025-05-11T18:44:03.340389,NQM5,ask_q,7,False,
2025-05-11T18:44:03.340389,ESM5,bid_edge,-9.17,False,
2025-05-11T18:44:03.340389,ESM5,ask_edge,-12.23,False,
2025-05-11T18:44:03.340389,ESM5,bid_q,6,False,
2025-05-11T18:44:03.340389,ESM5,ask_q,8,False,
2025-05-11T18:44:03.340389,TUM5,bid_edge,-8.48,False,
2025-05-11T18:44:03.340389,TUM5,ask_edge,-8.58,False,
2025-05-11T18:44:03.340389,TUM5,bid_q,3,False,
2025-05-11T18:44:03.340389,TUM5,ask_q,6,False,
2025-05-11T18:44:04.362114,TYM5,bid_edge,-4.3,False,
2025-05-11T18:44:04.362114,TYM5,ask_edge,-4.25,False,
2025-05-11T18:44:04.362114,TYM5,bid_q,1,False,
2025-05-11T18:44:04.362114,TYM5,ask_q,4,False,
2025-05-11T18:44:04.362114,NQM5,bid_edge,-12.34,False,
2025-05-11T18:44:04.362114,NQM5,ask_edge,-10.15,False,
2025-05-11T18:44:04.362114,NQM5,bid_q,5,False,
2025-05-11T18:44:04.362114,NQM5,ask_q,3,False,
2025-05-11T18:44:04.362114,ESM5,bid_edge,-10.99,False,
2025-05-11T18:44:04.362114,ESM5,ask_edge,-11.07,False,
2025-05-11T18:44:04.362114,ESM5,bid_q,8,False,
2025-05-11T18:44:04.362114,ESM5,ask_q,2,False,
2025-05-11T18:44:04.362114,TUM5,bid_edge,-8.02,False,
2025-05-11T18:44:04.362114,TUM5,ask_edge,-10.78,False,
2025-05-11T18:44:04.362114,TUM5,bid_q,7,False,
2025-05-11T18:44:04.362114,TUM5,ask_q,7,False,
2025-05-11T18:44:05.375910,TYM5,bid_edge,-5.02,False,
2025-05-11T18:44:05.375910,TYM5,ask_edge,-3.88,False,
2025-05-11T18:44:05.375910,TYM5,bid_q,6,False,
2025-05-11T18:44:05.375910,TYM5,ask_q,8,False,
2025-05-11T18:44:05.375910,NQM5,bid_edge,-11.44,False,
2025-05-11T18:44:05.375910,NQM5,ask_edge,-8.01,False,
2025-05-11T18:44:05.375910,NQM5,bid_q,2,False,
2025-05-11T18:44:05.375910,NQM5,ask_q,5,False,
2025-05-11T18:44:05.375910,ESM5,bid_edge,-11.8,False,
2025-05-11T18:44:05.375910,ESM5,ask_edge,-9.2,False,
2025-05-11T18:44:05.375910,ESM5,bid_q,2,False,
2025-05-11T18:44:05.375910,ESM5,ask_q,3,False,
2025-05-11T18:44:05.375910,TUM5,bid_edge,-10.3,False,
2025-05-11T18:44:05.375910,TUM5,ask_edge,-11.96,False,
2025-05-11T18:44:05.375910,TUM5,bid_q,6,False,
2025-05-11T18:44:05.375910,TUM5,ask_q,2,False,
2025-05-11T18:44:06.387175,TYM5,bid_edge,-4.69,False,
2025-05-11T18:44:06.387175,TYM5,ask_edge,-3.19,False,
2025-05-11T18:44:06.387175,TYM5,bid_q,7,False,
2025-05-11T18:44:06.387175,TYM5,ask_q,3,False,
2025-05-11T18:44:06.387175,NQM5,bid_edge,-8.7,False,
2025-05-11T18:44:06.387175,NQM5,ask_edge,-8.31,False,
2025-05-11T18:44:06.387175,NQM5,bid_q,7,False,
2025-05-11T18:44:06.387175,NQM5,ask_q,8,False,
2025-05-11T18:44:06.387175,ESM5,bid_edge,-10.64,False,
2025-05-11T18:44:06.387175,ESM5,ask_edge,-8.44,False,
2025-05-11T18:44:06.387175,ESM5,bid_q,6,False,
2025-05-11T18:44:06.387175,ESM5,ask_q,7,False,
2025-05-11T18:44:06.387175,TUM5,bid_edge,-11.62,False,
2025-05-11T18:44:06.387175,TUM5,ask_edge,-11.38,False,
2025-05-11T18:44:06.387175,TUM5,bid_q,1,False,
2025-05-11T18:44:06.387175,TUM5,ask_q,4,False,
2025-05-11T18:44:07.404695,TYM5,bid_edge,-3.5,False,
2025-05-11T18:44:07.404695,TYM5,ask_edge,-3.22,False,
2025-05-11T18:44:07.404695,TYM5,bid_q,3,False,
2025-05-11T18:44:07.404695,TYM5,ask_q,5,False,
2025-05-11T18:44:07.404695,NQM5,bid_edge,-8.26,False,
2025-05-11T18:44:07.404695,NQM5,ask_edge,-9.7,False,
2025-05-11T18:44:07.404695,NQM5,bid_q,6,False,
2025-05-11T18:44:07.404695,NQM5,ask_q,1,False,
2025-05-11T18:44:07.404695,ESM5,bid_edge,-8.24,False,
2025-05-11T18:44:07.404695,ESM5,ask_edge,-8.31,False,
2025-05-11T18:44:07.404695,ESM5,bid_q,7,False,
2025-05-11T18:44:07.404695,ESM5,ask_q,3,False,
2025-05-11T18:44:07.404695,TUM5,bid_edge,-11.61,False,
2025-05-11T18:44:07.404695,TUM5,ask_edge,-9.54,False,
2025-05-11T18:44:07.404695,TUM5,bid_q,7,False,
2025-05-11T18:44:07.404695,TUM5,ask_q,9,False,
2025-05-11T18:44:08.419295,TYM5,bid_edge,-3.41,False,
2025-05-11T18:44:08.419295,TYM5,ask_edge,-3.97,False,
2025-05-11T18:44:08.419295,TYM5,bid_q,4,False,
2025-05-11T18:44:08.419295,TYM5,ask_q,8,False,
2025-05-11T18:44:08.419295,NQM5,bid_edge,-9.05,False,
2025-05-11T18:44:08.419295,NQM5,ask_edge,-12.0,False,
2025-05-11T18:44:08.419295,NQM5,bid_q,2,False,
2025-05-11T18:44:08.419295,NQM5,ask_q,5,False,
2025-05-11T18:44:08.419295,ESM5,bid_edge,-7.8,False,
2025-05-11T18:44:08.419295,ESM5,ask_edge,-10.47,False,
2025-05-11T18:44:08.419295,ESM5,bid_q,2,False,
2025-05-11T18:44:08.419295,ESM5,ask_q,3,False,
2025-05-11T18:44:08.419295,TUM5,bid_edge,-10.28,False,
2025-05-11T18:44:08.419295,TUM5,ask_edge,-8.18,False,
2025-05-11T18:44:08.419295,TUM5,bid_q,7,False,
2025-05-11T18:44:08.419295,TUM5,ask_q,3,False,
2025-05-11T18:44:09.426423,TYM5,bid_edge,-3.89,False,
2025-05-11T18:44:09.426423,TYM5,ask_edge,-4.84,False,
2025-05-11T18:44:09.426423,TYM5,bid_q,7,False,
2025-05-11T18:44:09.426423,TYM5,ask_q,3,False,
2025-05-11T18:44:09.426423,NQM5,bid_edge,-10.48,False,
2025-05-11T18:44:09.426423,NQM5,ask_edge,-12.02,False,
2025-05-11T18:44:09.426423,NQM5,bid_q,6,False,
2025-05-11T18:44:09.426423,NQM5,ask_q,8,False,
2025-05-11T18:44:09.426423,ESM5,bid_edge,-9.71,False,
2025-05-11T18:44:09.426423,ESM5,ask_edge,-12.33,False,
2025-05-11T18:44:09.426423,ESM5,bid_q,4,False,
2025-05-11T18:44:09.426423,ESM5,ask_q,8,False,
2025-05-11T18:44:09.426423,TUM5,bid_edge,-8.53,False,
2025-05-11T18:44:09.426423,TUM5,ask_edge,-8.67,False,
2025-05-11T18:44:09.426423,TUM5,bid_q,2,False,
2025-05-11T18:44:09.426423,TUM5,ask_q,5,False,
2025-05-11T18:44:10.443377,TYM5,bid_edge,-4.27,False,
2025-05-11T18:44:10.443377,TYM5,ask_edge,-4.73,False,
2025-05-11T18:44:10.443377,TYM5,bid_q,2,False,
2025-05-11T18:44:10.443377,TYM5,ask_q,3,False,
2025-05-11T18:44:10.443377,NQM5,bid_edge,-11.94,False,
2025-05-11T18:44:10.443377,NQM5,ask_edge,-10.31,False,
2025-05-11T18:44:10.443377,NQM5,bid_q,6,False,
2025-05-11T18:44:10.443377,NQM5,ask_q,3,False,
2025-05-11T18:44:10.443377,ESM5,bid_edge,-11.58,False,
2025-05-11T18:44:10.443377,ESM5,ask_edge,-11.63,False,
2025-05-11T18:44:10.443377,ESM5,bid_q,7,False,
2025-05-11T18:44:10.443377,ESM5,ask_q,5,False,
2025-05-11T18:44:10.443377,TUM5,bid_edge,-8.16,False,
2025-05-11T18:44:10.443377,TUM5,ask_edge,-10.71,False,
2025-05-11T18:44:10.443377,TUM5,bid_q,5,False,
2025-05-11T18:44:10.443377,TUM5,ask_q,7,False,
2025-05-11T18:44:11.459372,TYM5,bid_edge,-4.63,False,
2025-05-11T18:44:11.459372,TYM5,ask_edge,-4.03,False,
2025-05-11T18:44:11.459372,TYM5,bid_q,5,False,
2025-05-11T18:44:11.459372,TYM5,ask_q,9,False,
2025-05-11T18:44:11.459372,NQM5,bid_edge,-11.39,False,
2025-05-11T18:44:11.459372,NQM5,ask_edge,-9.01,False,
2025-05-11T18:44:11.459372,NQM5,bid_q,2,False,
2025-05-11T18:44:11.459372,NQM5,ask_q,6,False,
2025-05-11T18:44:11.459372,ESM5,bid_edge,-12.47,False,
2025-05-11T18:44:11.459372,ESM5,ask_edge,-9.37,False,
2025-05-11T18:44:11.459372,ESM5,bid_q,2,False,
2025-05-11T18:44:11.459372,ESM5,ask_q,4,False,
2025-05-11T18:44:11.459372,TUM5,bid_edge,-9.36,False,
2025-05-11T18:44:11.459372,TUM5,ask_edge,-11.83,False,
2025-05-11T18:44:11.459372,TUM5,bid_q,8,False,
2025-05-11T18:44:11.459372,TUM5,ask_q,3,False,
2025-05-11T18:44:12.475870,TYM5,bid_edge,-4.27,False,
2025-05-11T18:44:12.475870,TYM5,ask_edge,-3.71,False,
2025-05-11T18:44:12.475870,TYM5,bid_q,8,False,
2025-05-11T18:44:12.475870,TYM5,ask_q,3,False,
2025-05-11T18:44:12.475870,NQM5,bid_edge,-9.63,False,
2025-05-11T18:44:12.475870,NQM5,ask_edge,-8.38,False,
2025-05-11T18:44:12.475870,NQM5,bid_q,7,False,
2025-05-11T18:44:12.475870,NQM5,ask_q,8,False,
2025-05-11T18:44:12.475870,ESM5,bid_edge,-11.01,False,
2025-05-11T18:44:12.475870,ESM5,ask_edge,-7.91,False,
2025-05-11T18:44:12.475870,ESM5,bid_q,3,False,
2025-05-11T18:44:12.475870,ESM5,ask_q,8,False,
2025-05-11T18:44:12.475870,TUM5,bid_edge,-11.8,False,
2025-05-11T18:44:12.475870,TUM5,ask_edge,-11.13,False,
2025-05-11T18:44:12.475870,TUM5,bid_q,2,False,
2025-05-11T18:44:12.475870,TUM5,ask_q,4,False,
2025-05-11T18:44:13.496631,TYM5,bid_edge,-3.65,False,
2025-05-11T18:44:13.496631,TYM5,ask_edge,-3.67,False,
2025-05-11T18:44:13.496631,TYM5,bid_q,2,False,
2025-05-11T18:44:13.496631,TYM5,ask_q,3,False,
2025-05-11T18:44:13.496631,NQM5,bid_edge,-8.31,False,
2025-05-11T18:44:13.496631,NQM5,ask_edge,-9.33,False,
2025-05-11T18:44:13.496631,NQM5,bid_q,6,False,
2025-05-11T18:44:13.496631,NQM5,ask_q,2,False,
2025-05-11T18:44:13.496631,ESM5,bid_edge,-9.29,False,
2025-05-11T18:44:13.496631,ESM5,ask_edge,-8.18,False,
2025-05-11T18:44:13.496631,ESM5,bid_q,9,False,
2025-05-11T18:44:13.496631,ESM5,ask_q,4,False,
2025-05-11T18:44:13.496631,TUM5,bid_edge,-12.29,False,
2025-05-11T18:44:13.496631,TUM5,ask_edge,-9.21,False,
2025-05-11T18:44:13.496631,TUM5,bid_q,5,False,
2025-05-11T18:44:13.496631,TUM5,ask_q,8,False,
2025-05-11T18:44:14.504666,TYM5,bid_edge,-3.19,False,
2025-05-11T18:44:14.504666,TYM5,ask_edge,-4.05,False,
2025-05-11T18:44:14.504666,TYM5,bid_q,3,False,
2025-05-11T18:44:14.504666,TYM5,ask_q,7,False,
2025-05-11T18:44:14.504666,NQM5,bid_edge,-8.41,False,
2025-05-11T18:44:14.504666,NQM5,ask_edge,-10.86,False,
2025-05-11T18:44:14.504666,NQM5,bid_q,3,False,
2025-05-11T18:44:14.504666,NQM5,ask_q,5,False,
2025-05-11T18:44:14.504666,ESM5,bid_edge,-7.62,False,
2025-05-11T18:44:14.504666,ESM5,ask_edge,-10.07,False,
2025-05-11T18:44:14.504666,ESM5,bid_q,3,False,
2025-05-11T18:44:14.504666,ESM5,ask_q,4,False,
2025-05-11T18:44:14.504666,TUM5,bid_edge,-10.32,False,
2025-05-11T18:44:14.504666,TUM5,ask_edge,-7.93,False,
2025-05-11T18:44:14.504666,TUM5,bid_q,7,False,
2025-05-11T18:44:14.504666,TUM5,ask_q,3,False,
2025-05-11T18:44:15.525441,TYM5,bid_edge,-3.51,False,
2025-05-11T18:44:15.525441,TYM5,ask_edge,-4.43,False,
2025-05-11T18:44:15.525441,TYM5,bid_q,7,False,
2025-05-11T18:44:15.525441,TYM5,ask_q,5,False,
2025-05-11T18:44:15.525441,NQM5,bid_edge,-10.48,False,
2025-05-11T18:44:15.525441,NQM5,ask_edge,-11.76,False,
2025-05-11T18:44:15.525441,NQM5,bid_q,6,False,
2025-05-11T18:44:15.525441,NQM5,ask_q,7,False,
2025-05-11T18:44:15.525441,ESM5,bid_edge,-8.88,False,
2025-05-11T18:44:15.525441,ESM5,ask_edge,-11.93,False,
2025-05-11T18:44:15.525441,ESM5,bid_q,3,False,
2025-05-11T18:44:15.525441,ESM5,ask_q,7,False,
2025-05-11T18:44:15.525441,TUM5,bid_edge,-8.66,False,
2025-05-11T18:44:15.525441,TUM5,ask_edge,-8.47,False,
2025-05-11T18:44:15.525441,TUM5,bid_q,2,False,
2025-05-11T18:44:15.525441,TUM5,ask_q,3,False,
2025-05-11T18:44:16.538193,TYM5,bid_edge,-4.33,False,
2025-05-11T18:44:16.538193,TYM5,ask_edge,-4.52,False,
2025-05-11T18:44:16.538193,TYM5,bid_q,4,False,
2025-05-11T18:44:16.538193,TYM5,ask_q,3,False,
2025-05-11T18:44:16.538193,NQM5,bid_edge,-12.17,False,
2025-05-11T18:44:16.538193,NQM5,ask_edge,-10.32,False,
2025-05-11T18:44:16.538193,NQM5,bid_q,7,False,
2025-05-11T18:44:16.538193,NQM5,ask_q,3,False,
2025-05-11T18:44:16.538193,ESM5,bid_edge,-10.95,False,
2025-05-11T18:44:16.538193,ESM5,ask_edge,-11.98,False,
2025-05-11T18:44:16.538193,ESM5,bid_q,8,False,
2025-05-11T18:44:16.538193,ESM5,ask_q,5,False,
2025-05-11T18:44:16.538193,TUM5,bid_edge,-8.13,False,
2025-05-11T18:44:16.538193,TUM5,ask_edge,-10.39,False,
2025-05-11T18:44:16.538193,TUM5,bid_q,5,False,
2025-05-11T18:44:16.538193,TUM5,ask_q,8,False,
2025-05-11T18:44:17.544186,TYM5,bid_edge,-4.96,False,
2025-05-11T18:44:17.544186,TYM5,ask_edge,-3.83,False,
2025-05-11T18:44:17.544186,TYM5,bid_q,4,False,
2025-05-11T18:44:17.544186,TYM5,ask_q,7,False,
2025-05-11T18:44:17.544186,NQM5,bid_edge,-11.98,False,
2025-05-11T18:44:17.544186,NQM5,ask_edge,-8.92,False,
2025-05-11T18:44:17.544186,NQM5,bid_q,3,False,
2025-05-11T18:44:17.544186,NQM5,ask_q,4,False,
2025-05-11T18:44:17.544186,ESM5,bid_edge,-12.19,False,
2025-05-11T18:44:17.544186,ESM5,ask_edge,-10.63,False,
2025-05-11T18:44:17.544186,ESM5,bid_q,3,False,
2025-05-11T18:44:17.544186,ESM5,ask_q,3,False,
2025-05-11T18:44:17.544186,TUM5,bid_edge,-9.07,False,
2025-05-11T18:44:17.544186,TUM5,ask_edge,-11.66,False,
2025-05-11T18:44:17.544186,TUM5,bid_q,7,False,
2025-05-11T18:44:17.544186,TUM5,ask_q,5,False,
2025-05-11T18:44:18.558333,TYM5,bid_edge,-4.81,False,
2025-05-11T18:44:18.558333,TYM5,ask_edge,-3.19,False,
2025-05-11T18:44:18.558333,TYM5,bid_q,8,False,
2025-05-11T18:44:18.558333,TYM5,ask_q,6,False,
2025-05-11T18:44:18.558333,NQM5,bid_edge,-10.01,False,
2025-05-11T18:44:18.558333,NQM5,ask_edge,-8.27,False,
2025-05-11T18:44:18.558333,NQM5,bid_q,6,False,
2025-05-11T18:44:18.558333,NQM5,ask_q,9,False,
2025-05-11T18:44:18.558333,ESM5,bid_edge,-10.83,False,
2025-05-11T18:44:18.558333,ESM5,ask_edge,-8.14,False,
2025-05-11T18:44:18.558333,ESM5,bid_q,3,False,
2025-05-11T18:44:18.558333,ESM5,ask_q,8,False,
2025-05-11T18:44:18.558333,TUM5,bid_edge,-11.04,False,
2025-05-11T18:44:18.558333,TUM5,ask_edge,-11.7,False,
2025-05-11T18:44:18.558333,TUM5,bid_q,2,False,
2025-05-11T18:44:18.558333,TUM5,ask_q,2,False,
2025-05-11T18:44:19.574448,TYM5,bid_edge,-4.16,False,
2025-05-11T18:44:19.574448,TYM5,ask_edge,-3.29,False,
2025-05-11T18:44:19.574448,TYM5,bid_q,3,False,
2025-05-11T18:44:19.574448,TYM5,ask_q,2,False,
2025-05-11T18:44:19.574448,NQM5,bid_edge,-8.38,False,
2025-05-11T18:44:19.574448,NQM5,ask_edge,-8.89,False,
2025-05-11T18:44:19.574448,NQM5,bid_q,7,False,
2025-05-11T18:44:19.574448,NQM5,ask_q,3,False,
2025-05-11T18:44:19.574448,ESM5,bid_edge,-9.22,False,
2025-05-11T18:44:19.574448,ESM5,ask_edge,-8.51,False,
2025-05-11T18:44:19.574448,ESM5,bid_q,9,False,
2025-05-11T18:44:19.574448,ESM5,ask_q,5,False,
2025-05-11T18:44:19.574448,TUM5,bid_edge,-12.12,False,
2025-05-11T18:44:19.574448,TUM5,ask_edge,-10.38,False,
2025-05-11T18:44:19.574448,TUM5,bid_q,4,False,
2025-05-11T18:44:19.574448,TUM5,ask_q,8,False,
2025-05-11T18:44:20.590733,TYM5,bid_edge,-3.5,False,
2025-05-11T18:44:20.590733,TYM5,ask_edge,-3.54,False,
2025-05-11T18:44:20.590733,TYM5,bid_q,3,False,
2025-05-11T18:44:20.590733,TYM5,ask_q,7,False,
2025-05-11T18:44:20.590733,NQM5,bid_edge,-8.61,False,
2025-05-11T18:44:20.590733,NQM5,ask_edge,-11.33,False,
2025-05-11T18:44:20.590733,NQM5,bid_q,3,False,
2025-05-11T18:44:20.590733,NQM5,ask_q,3,False,
2025-05-11T18:44:20.590733,ESM5,bid_edge,-8.28,False,
2025-05-11T18:44:20.590733,ESM5,ask_edge,-9.67,False,
2025-05-11T18:44:20.590733,ESM5,bid_q,5,False,
2025-05-11T18:44:20.590733,ESM5,ask_q,2,False,
2025-05-11T18:44:20.590733,TUM5,bid_edge,-11.1,False,
2025-05-11T18:44:20.590733,TUM5,ask_edge,-8.68,False,
2025-05-11T18:44:20.590733,TUM5,bid_q,8,False,
2025-05-11T18:44:20.590733,TUM5,ask_q,5,False,
2025-05-11T18:44:21.606409,TYM5,bid_edge,-3.57,False,
2025-05-11T18:44:21.606409,TYM5,ask_edge,-4.53,False,
2025-05-11T18:44:21.606409,TYM5,bid_q,8,False,
2025-05-11T18:44:21.606409,TYM5,ask_q,5,False,
2025-05-11T18:44:21.606409,NQM5,bid_edge,-10.07,False,
2025-05-11T18:44:21.606409,NQM5,ask_edge,-12.48,False,
2025-05-11T18:44:21.606409,NQM5,bid_q,5,False,
2025-05-11T18:44:21.606409,NQM5,ask_q,9,False,
2025-05-11T18:44:21.606409,ESM5,bid_edge,-8.38,False,
2025-05-11T18:44:21.606409,ESM5,ask_edge,-11.23,False,
2025-05-11T18:44:21.606409,ESM5,bid_q,2,False,
2025-05-11T18:44:21.606409,ESM5,ask_q,8,False,
2025-05-11T18:44:21.606409,TUM5,bid_edge,-8.6,False,
2025-05-11T18:44:21.606409,TUM5,ask_edge,-8.67,False,
2025-05-11T18:44:21.606409,TUM5,bid_q,3,False,
2025-05-11T18:44:21.606409,TUM5,ask_q,2,False,
2025-05-11T18:44:22.622096,TYM5,bid_edge,-4.31,False,
2025-05-11T18:44:22.622096,TYM5,ask_edge,-5.14,False,
2025-05-11T18:44:22.622096,TYM5,bid_q,3,False,
2025-05-11T18:44:22.622096,TYM5,ask_q,1,False,
2025-05-11T18:44:22.622096,NQM5,bid_edge,-11.27,False,
2025-05-11T18:44:22.622096,NQM5,ask_edge,-11.0,False,
2025-05-11T18:44:22.622096,NQM5,bid_q,8,False,
2025-05-11T18:44:22.622096,NQM5,ask_q,3,False,
2025-05-11T18:44:22.622096,ESM5,bid_edge,-10.9,False,
2025-05-11T18:44:22.622096,ESM5,ask_edge,-11.57,False,
2025-05-11T18:44:22.622096,ESM5,bid_q,8,False,
2025-05-11T18:44:22.622096,ESM5,ask_q,5,False,
2025-05-11T18:44:22.622096,TUM5,bid_edge,-7.62,False,
2025-05-11T18:44:22.622096,TUM5,ask_edge,-9.54,False,
2025-05-11T18:44:22.622096,TUM5,bid_q,4,False,
2025-05-11T18:44:22.622096,TUM5,ask_q,8,False,
2025-05-11T18:44:23.643771,TYM5,bid_edge,-4.52,False,
2025-05-11T18:44:23.643771,TYM5,ask_edge,-4.6,False,
2025-05-11T18:44:23.643771,TYM5,bid_q,3,False,
2025-05-11T18:44:23.643771,TYM5,ask_q,8,False,
2025-05-11T18:44:23.643771,NQM5,bid_edge,-11.43,False,
2025-05-11T18:44:23.643771,NQM5,ask_edge,-9.15,False,
2025-05-11T18:44:23.643771,NQM5,bid_q,2,False,
2025-05-11T18:44:23.643771,NQM5,ask_q,3,False,
2025-05-11T18:44:23.643771,ESM5,bid_edge,-11.7,False,
2025-05-11T18:44:23.643771,ESM5,ask_edge,-10.43,False,
2025-05-11T18:44:23.643771,ESM5,bid_q,5,False,
2025-05-11T18:44:23.643771,ESM5,ask_q,2,False,
2025-05-11T18:44:23.643771,TUM5,bid_edge,-9.25,False,
2025-05-11T18:44:23.643771,TUM5,ask_edge,-11.87,False,
2025-05-11T18:44:23.643771,TUM5,bid_q,8,False,
2025-05-11T18:44:23.643771,TUM5,ask_q,6,False,
2025-05-11T18:44:24.651103,TYM5,bid_edge,-4.46,False,
2025-05-11T18:44:24.651103,TYM5,ask_edge,-3.75,False,
2025-05-11T18:44:24.651103,TYM5,bid_q,8,False,
2025-05-11T18:44:24.651103,TYM5,ask_q,6,False,
2025-05-11T18:44:24.651103,NQM5,bid_edge,-10.53,False,
2025-05-11T18:44:24.651103,NQM5,ask_edge,-8.31,False,
2025-05-11T18:44:24.651103,NQM5,bid_q,5,False,
2025-05-11T18:44:24.651103,NQM5,ask_q,8,False,
2025-05-11T18:44:24.651103,ESM5,bid_edge,-11.22,False,
2025-05-11T18:44:24.651103,ESM5,ask_edge,-8.81,False,
2025-05-11T18:44:24.651103,ESM5,bid_q,2,False,
2025-05-11T18:44:24.651103,ESM5,ask_q,7,False,
2025-05-11T18:44:24.651103,TUM5,bid_edge,-10.67,False,
2025-05-11T18:44:24.651103,TUM5,ask_edge,-11.96,False,
2025-05-11T18:44:24.651103,TUM5,bid_q,4,False,
2025-05-11T18:44:24.651103,TUM5,ask_q,2,False,
2025-05-11T18:44:25.667622,TYM5,bid_edge,-4.13,False,
2025-05-11T18:44:25.667622,TYM5,ask_edge,-3.39,False,
2025-05-11T18:44:25.667622,TYM5,bid_q,4,False,
2025-05-11T18:44:25.667622,TYM5,ask_q,2,False,
2025-05-11T18:44:25.667622,NQM5,bid_edge,-8.55,False,
2025-05-11T18:44:25.667622,NQM5,ask_edge,-8.36,False,
2025-05-11T18:44:25.667622,NQM5,bid_q,9,False,
2025-05-11T18:44:25.667622,NQM5,ask_q,4,False,
2025-05-11T18:44:25.667622,ESM5,bid_edge,-9.84,False,
2025-05-11T18:44:25.667622,ESM5,ask_edge,-8.43,False,
2025-05-11T18:44:25.667622,ESM5,bid_q,7,False,
2025-05-11T18:44:25.667622,ESM5,ask_q,7,False,
2025-05-11T18:44:25.667622,TUM5,bid_edge,-12.38,False,
2025-05-11T18:44:25.667622,TUM5,ask_edge,-9.9,False,
2025-05-11T18:44:25.667622,TUM5,bid_q,3,False,
2025-05-11T18:44:25.667622,TUM5,ask_q,6,False,
2025-05-11T18:44:26.682115,TYM5,bid_edge,-3.39,False,
2025-05-11T18:44:26.682115,TYM5,ask_edge,-3.35,False,
2025-05-11T18:44:26.682115,TYM5,bid_q,2,False,
2025-05-11T18:44:26.682115,TYM5,ask_q,6,False,
2025-05-11T18:44:26.682115,NQM5,bid_edge,-8.43,False,
2025-05-11T18:44:26.682115,NQM5,ask_edge,-10.31,False,
2025-05-11T18:44:26.682115,NQM5,bid_q,3,False,
2025-05-11T18:44:26.682115,NQM5,ask_q,3,False,
2025-05-11T18:44:26.682115,ESM5,bid_edge,-7.89,False,
2025-05-11T18:44:26.682115,ESM5,ask_edge,-8.96,False,
2025-05-11T18:44:26.682115,ESM5,bid_q,5,False,
2025-05-11T18:44:26.682115,ESM5,ask_q,3,False,
2025-05-11T18:44:26.682115,TUM5,bid_edge,-11.29,False,
2025-05-11T18:44:26.682115,TUM5,ask_edge,-8.24,False,
2025-05-11T18:44:26.682115,TUM5,bid_q,8,False,
2025-05-11T18:44:26.682115,TUM5,ask_q,6,False,
2025-05-11T18:44:27.701937,TYM5,bid_edge,-3.54,False,
2025-05-11T18:44:27.701937,TYM5,ask_edge,-4.14,False,
2025-05-11T18:44:27.701937,TYM5,bid_q,6,False,
2025-05-11T18:44:27.701937,TYM5,ask_q,6,False,
2025-05-11T18:44:27.701937,NQM5,bid_edge,-9.47,False,
2025-05-11T18:44:27.701937,NQM5,ask_edge,-12.31,False,
2025-05-11T18:44:27.701937,NQM5,bid_q,4,False,
2025-05-11T18:44:27.701937,NQM5,ask_q,8,False,
2025-05-11T18:44:27.701937,ESM5,bid_edge,-8.39,False,
2025-05-11T18:44:27.701937,ESM5,ask_edge,-10.65,False,
2025-05-11T18:44:27.701937,ESM5,bid_q,1,False,
2025-05-11T18:44:27.701937,ESM5,ask_q,7,False,
2025-05-11T18:44:27.701937,TUM5,bid_edge,-9.78,False,
2025-05-11T18:44:27.701937,TUM5,ask_edge,-8.23,False,
2025-05-11T18:44:27.701937,TUM5,bid_q,4,False,
2025-05-11T18:44:27.701937,TUM5,ask_q,2,False,
2025-05-11T18:44:28.721471,TYM5,bid_edge,-3.99,False,
2025-05-11T18:44:28.721471,TYM5,ask_edge,-5.03,False,
2025-05-11T18:44:28.721471,TYM5,bid_q,6,False,
2025-05-11T18:44:28.721471,TYM5,ask_q,1,False,
2025-05-11T18:44:28.721471,NQM5,bid_edge,-11.7,False,
2025-05-11T18:44:28.721471,NQM5,ask_edge,-11.28,False,
2025-05-11T18:44:28.721471,NQM5,bid_q,8,False,
2025-05-11T18:44:28.721471,NQM5,ask_q,4,False,
2025-05-11T18:44:28.721471,ESM5,bid_edge,-10.45,False,
2025-05-11T18:44:28.721471,ESM5,ask_edge,-11.82,False,
2025-05-11T18:44:28.721471,ESM5,bid_q,7,False,
2025-05-11T18:44:28.721471,ESM5,ask_q,7,False,
2025-05-11T18:44:28.721471,TUM5,bid_edge,-8.02,False,
2025-05-11T18:44:28.721471,TUM5,ask_edge,-9.59,False,
2025-05-11T18:44:28.721471,TUM5,bid_q,2,False,
2025-05-11T18:44:28.721471,TUM5,ask_q,6,False,
2025-05-11T18:44:29.731688,TYM5,bid_edge,-4.71,False,
2025-05-11T18:44:29.731688,TYM5,ask_edge,-4.61,False,
2025-05-11T18:44:29.731688,TYM5,bid_q,1,False,
2025-05-11T18:44:29.731688,TYM5,ask_q,6,False,
2025-05-11T18:44:29.731688,NQM5,bid_edge,-12.07,False,
2025-05-11T18:44:29.731688,NQM5,ask_edge,-9.77,False,
2025-05-11T18:44:29.731688,NQM5,bid_q,3,False,
2025-05-11T18:44:29.731688,NQM5,ask_q,2,False,
2025-05-11T18:44:29.731688,ESM5,bid_edge,-12.08,False,
2025-05-11T18:44:29.731688,ESM5,ask_edge,-11.29,False,
2025-05-11T18:44:29.731688,ESM5,bid_q,5,False,
2025-05-11T18:44:29.731688,ESM5,ask_q,3,False,
2025-05-11T18:44:29.731688,TUM5,bid_edge,-8.85,False,
2025-05-11T18:44:29.731688,TUM5,ask_edge,-11.67,False,
2025-05-11T18:44:29.731688,TUM5,bid_q,7,False,
2025-05-11T18:44:29.731688,TUM5,ask_q,7,False,
2025-05-11T18:44:30.745895,TYM5,bid_edge,-4.77,False,
2025-05-11T18:44:30.745895,TYM5,ask_edge,-3.8,False,
2025-05-11T18:44:30.745895,TYM5,bid_q,7,False,
2025-05-11T18:44:30.745895,TYM5,ask_q,8,False,
2025-05-11T18:44:30.745895,NQM5,bid_edge,-11.0,False,
2025-05-11T18:44:30.745895,NQM5,ask_edge,-7.88,False,
2025-05-11T18:44:30.745895,NQM5,bid_q,3,False,
2025-05-11T18:44:30.745895,NQM5,ask_q,7,False,
2025-05-11T18:44:30.745895,ESM5,bid_edge,-11.83,False,
2025-05-11T18:44:30.745895,ESM5,ask_edge,-8.82,False,
2025-05-11T18:44:30.745895,ESM5,bid_q,1,False,
2025-05-11T18:44:30.745895,ESM5,ask_q,5,False,
2025-05-11T18:44:30.745895,TUM5,bid_edge,-10.53,False,
2025-05-11T18:44:30.745895,TUM5,ask_edge,-12.03,False,
2025-05-11T18:44:30.745895,TUM5,bid_q,6,False,
2025-05-11T18:44:30.745895,TUM5,ask_q,2,False,
